Repo,Issue,Details
"truvolv/long-home-products","no-changes","Repository processed but no changes were needed"
"truvolv/blue-ridge-bath","no-changes","Repository processed but no changes were needed"
"truvolv/sullivans-bath-and-window","no-changes","Repository processed but no changes were needed"
"truvolv/cms","no-changes","Repository processed but no changes were needed"
"truvolv/your-select-home","no-changes","Repository processed but no changes were needed"
"truvolv/spancraft","no-changes","Repository processed but no changes were needed"
"truvolv/theut-glass","no-changes","Repository processed but no changes were needed"
"truvolv/rgs-exteriors","no-changes","Repository processed but no changes were needed"
"truvolv/baths-for-the-brave","no-changes","Repository processed but no changes were needed"
"truvolv/dreamhome-remodeling-ct","no-changes","Repository processed but no changes were needed"
"truvolv/aspen-windows","no-changes","Repository processed but no changes were needed"
"truvolv/finish-line-strategies","no-changes","Repository processed but no changes were needed"
"truvolv/k-c","no-changes","Repository processed but no changes were needed"
"truvolv/everest-home-improvement","no-changes","Repository processed but no changes were needed"
"truvolv/white-cloud-cc","no-changes","Repository processed but no changes were needed"
"truvolv/hunterdon","no-changes","Repository processed but no changes were needed"
"truvolv/nulook-hd","no-changes","Repository processed but no changes were needed"
"truvolv/todco-roofing","no-changes","Repository processed but no changes were needed"
"truvolv/roofing-store","no-changes","Repository processed but no changes were needed"
"truvolv/armor-guard","no-changes","Repository processed but no changes were needed"
"truvolv/durante-he","no-changes","Repository processed but no changes were needed"
"truvolv/pinnacle-exteriors","no-changes","Repository processed but no changes were needed"
"truvolv/sweetwater-home-services","no-changes","Repository processed but no changes were needed"
"truvolv/five-star-contracting","no-changes","Repository processed but no changes were needed"
"truvolv/sharper-impressions-painting","no-changes","Repository processed but no changes were needed"
"truvolv/bath-america","no-changes","Repository processed but no changes were needed"
"truvolv/destination-motivation","no-changes","Repository processed but no changes were needed"
"truvolv/style-craft-remodeling-","no-changes","Repository processed but no changes were needed"
"truvolv/rose-remodeling","no-changes","Repository processed but no changes were needed"
"truvolv/the-bath-boys","no-changes","Repository processed but no changes were needed"
"truvolv/contract-exteriors","no-changes","Repository processed but no changes were needed"
"truvolv/men-with-tools","no-changes","Repository processed but no changes were needed"
"truvolv/precision-roofing","no-changes","Repository processed but no changes were needed"
"truvolv/denver-glass-interiors","no-changes","Repository processed but no changes were needed"
"truvolv/burr-custom-exteriors","no-changes","Repository processed but no changes were needed"
"truvolv/legacy-cc","no-changes","Repository processed but no changes were needed"
"truvolv/trident-bath","no-changes","Repository processed but no changes were needed"
"truvolv/all-american-roofing","no-changes","Repository processed but no changes were needed"
"truvolv/alco-products","no-changes","Repository processed but no changes were needed"
"truvolv/b-w-glass","no-changes","Repository processed but no changes were needed"
"truvolv/my-shower-today","no-changes","Repository processed but no changes were needed"
"truvolv/360-windows-and-doors","no-changes","Repository processed but no changes were needed"
"truvolv/for-energy","no-changes","Repository processed but no changes were needed"
"truvolv/integrity-home-pro","no-changes","Repository processed but no changes were needed"
"truvolv/galla-rini-roofing","no-changes","Repository processed but no changes were needed"
"truvolv/bel-sd","no-changes","Repository processed but no changes were needed"
"truvolv/covered-exteriors","no-changes","Repository processed but no changes were needed"
"truvolv/integrity-construction-consulting","no-changes","Repository processed but no changes were needed"
"truvolv/mjf-home-upgrades","no-changes","Repository processed but no changes were needed"
"truvolv/mattsson-roofing","no-changes","Repository processed but no changes were needed"
"truvolv/nulook-home-design","no-changes","Repository processed but no changes were needed"
"truvolv/innovative-gutter-solutions","no-changes","Repository processed but no changes were needed"
"truvolv/demo","no-changes","Repository processed but no changes were needed"
"truvolv/ramco","no-changes","Repository processed but no changes were needed"
"truvolv/truvolv","no-changes","Repository processed but no changes were needed"
"truvolv/altruistic-advisory","no-changes","Repository processed but no changes were needed"
"truvolv/gutter-cover-kc","no-changes","Repository processed but no changes were needed"
"truvolv/allmaster-home-services","no-changes","Repository processed but no changes were needed"
"truvolv/signature-home-services","no-changes","Repository processed but no changes were needed"
"truvolv/privacy-fence-company","no-changes","Repository processed but no changes were needed"
"truvolv/wealthy-contractor","no-changes","Repository processed but no changes were needed"
"truvolv/empire-home-remodeling","no-changes","Repository processed but no changes were needed"
"truvolv/kitchens-today","no-changes","Repository processed but no changes were needed"
"truvolv/ocala-baths-fl","no-changes","Repository processed but no changes were needed"
"truvolv/sea-glass-jax","no-changes","Repository processed but no changes were needed"
"truvolv/gutter-guards-direct","no-changes","Repository processed but no changes were needed"
"truvolv/swis-pros","no-changes","Repository processed but no changes were needed"
"truvolv/customfit-baths","no-changes","Repository processed but no changes were needed"
"truvolv/ridgeline-floors","no-changes","Repository processed but no changes were needed"
"truvolv/lifetime-solutions","no-changes","Repository processed but no changes were needed"
"truvolv/love-your-bath","no-changes","Repository processed but no changes were needed"
"truvolv/kubala-home-improvement","no-changes","Repository processed but no changes were needed"
"truvolv/quality-moving-services","no-changes","Repository processed but no changes were needed"
"truvolv/total-bath-systems","no-changes","Repository processed but no changes were needed"
"truvolv/comfort-kb","no-changes","Repository processed but no changes were needed"
"truvolv/k-h-painting-pros","no-changes","Repository processed but no changes were needed"
"truvolv/bam-showers","no-changes","Repository processed but no changes were needed"
"truvolv/weatherwize-lhp","no-changes","Repository processed but no changes were needed"
"truvolv/capital-construction","no-changes","Repository processed but no changes were needed"
"truvolv/all-seasons-windows-and-doors","no-changes","Repository processed but no changes were needed"
"truvolv/solatube","no-changes","Repository processed but no changes were needed"
"truvolv/solar-shield-inc","no-changes","Repository processed but no changes were needed"
"truvolv/fba","no-changes","Repository processed but no changes were needed"
"truvolv/k-p-remodeling","no-changes","Repository processed but no changes were needed"
"truvolv/jacuzzi","no-changes","Repository processed but no changes were needed"
"truvolv/illumination-window-door","no-changes","Repository processed but no changes were needed"
"truvolv/frey","no-changes","Repository processed but no changes were needed"
"truvolv/blind-and-shutter-spot","no-changes","Repository processed but no changes were needed"
"truvolv/pond-roofing","no-changes","Repository processed but no changes were needed"
"truvolv/coors-remodeling","no-changes","Repository processed but no changes were needed"
"truvolv/clear-choice-hi","no-changes","Repository processed but no changes were needed"
"truvolv/inside-out-roofing","no-changes","Repository processed but no changes were needed"
"truvolv/carolina-home-remodeling","no-changes","Repository processed but no changes were needed"
"truvolv/trim-a-seal","no-changes","Repository processed but no changes were needed"
"truvolv/k-h-home-solutions","no-changes","Repository processed but no changes were needed"
"truvolv/bird-dog-construction","no-changes","Repository processed but no changes were needed"
"truvolv/lyfe-ocs","no-changes","Repository processed but no changes were needed"
"truvolv/jjs-custom","no-changes","Repository processed but no changes were needed"
"truvolv/siding-and-windows-wizards","no-changes","Repository processed but no changes were needed"
"truvolv/innovative-exteriors","no-changes","Repository processed but no changes were needed"
"truvolv/home-pro-mi","no-changes","Repository processed but no changes were needed"
"truvolv/dgd","no-changes","Repository processed but no changes were needed"
"truvolv/bath-works-mi","no-changes","Repository processed but no changes were needed"
"truvolv/rjw-exteriors","no-changes","Repository processed but no changes were needed"
"truvolv/on-track-doors","no-changes","Repository processed but no changes were needed"
"truvolv/bathroom-pros-nj","no-changes","Repository processed but no changes were needed"
"truvolv/erdmann-outdoor-living","no-changes","Repository processed but no changes were needed"
"truvolv/c3-construction","no-changes","Repository processed but no changes were needed"
"truvolv/lehigh-gap-exteriors","no-changes","Repository processed but no changes were needed"
"truvolv/207-roofers","no-changes","Repository processed but no changes were needed"
"truvolv/carole-frederick","no-changes","Repository processed but no changes were needed"
"truvolv/erdmann-exteriors","no-changes","Repository processed but no changes were needed"
"truvolv/ltg-coatings","no-changes","Repository processed but no changes were needed"
"truvolv/main-abc-jacuzzi","no-changes","Repository processed but no changes were needed"
"truvolv/florida-energy-water-air-pure","no-changes","Repository processed but no changes were needed"
"truvolv/universal-windows-of-manchester","no-changes","Repository processed but no changes were needed"
"truvolv/floortek","no-changes","Repository processed but no changes were needed"
"truvolv/bytown-bath","no-changes","Repository processed but no changes were needed"
"truvolv/twin-cities-jacuzzi","no-changes","Repository processed but no changes were needed"
"truvolv/cal-energy-consultant","no-changes","Repository processed but no changes were needed"
"truvolv/yrp","no-changes","Repository processed but no changes were needed"
"truvolv/secure-cc","no-changes","Repository processed but no changes were needed"
"truvolv/leap","no-changes","Repository processed but no changes were needed"
"truvolv/asp-windows","no-changes","Repository processed but no changes were needed"
"truvolv/vista-homes-utah","no-changes","Repository processed but no changes were needed"
"truvolv/hutchco-home-and-bath","no-changes","Repository processed but no changes were needed"
"truvolv/main-bath-remodel-by-c","no-changes","Repository processed but no changes were needed"
"truvolv/roof-360","no-changes","Repository processed but no changes were needed"
"truvolv/install-services","no-changes","Repository processed but no changes were needed"
"truvolv/black-rock-roofing","no-changes","Repository processed but no changes were needed"
"truvolv/direct-remodels","no-changes","Repository processed but no changes were needed"
"truvolv/hegg-windows-doors","no-changes","Repository processed but no changes were needed"
"truvolv/ohio-state-windows","no-changes","Repository processed but no changes were needed"
"truvolv/nessler-and-associates","no-changes","Repository processed but no changes were needed"
"truvolv/home-value-renovation","no-changes","Repository processed but no changes were needed"
"truvolv/cleanedge-cabinetry","no-changes","Repository processed but no changes were needed"
"truvolv/american-home-design","no-changes","Repository processed but no changes were needed"
"truvolv/jbr-by-capital","no-changes","Repository processed but no changes were needed"
"truvolv/philadelphia-ge","no-changes","Repository processed but no changes were needed"
"truvolv/mod-bath","no-changes","Repository processed but no changes were needed"
"truvolv/homefix","no-changes","Repository processed but no changes were needed"
"truvolv/bee-windows","no-changes","Repository processed but no changes were needed"
"truvolv/premier-home-services","no-changes","Repository processed but no changes were needed"
"truvolv/dwight-and-sons","no-changes","Repository processed but no changes were needed"
"truvolv/five-star-homes","no-changes","Repository processed but no changes were needed"
"truvolv/designed-hi","no-changes","Repository processed but no changes were needed"
"truvolv/struxure-northshore","no-changes","Repository processed but no changes were needed"
"truvolv/cyprus-air","no-changes","Repository processed but no changes were needed"
"truvolv/the-home-authority","no-changes","Repository processed but no changes were needed"
"truvolv/tailor-made-windows-inc","no-changes","Repository processed but no changes were needed"
"truvolv/floorology","no-changes","Repository processed but no changes were needed"
"truvolv/premier-services-nj","no-changes","Repository processed but no changes were needed"
"truvolv/always-green-turf","no-changes","Repository processed but no changes were needed"
"truvolv/express-bath","no-changes","Repository processed but no changes were needed"
"truvolv/jbr-greenville","no-changes","Repository processed but no changes were needed"
"truvolv/asp-superhome","no-changes","Repository processed but no changes were needed"
"truvolv/brian-gottlieb","no-changes","Repository processed but no changes were needed"
"truvolv/mkd-kitchen-and-bath","no-changes","Repository processed but no changes were needed"
"truvolv/paulson-monuments","no-changes","Repository processed but no changes were needed"
"truvolv/mode-renovation","no-changes","Repository processed but no changes were needed"
"truvolv/ohp","no-changes","Repository processed but no changes were needed"
"truvolv/scc-pros","no-changes","Repository processed but no changes were needed"
"truvolv/safe-harbor-exteriors","no-changes","Repository processed but no changes were needed"
"truvolv/stressless-remodeling","no-changes","Repository processed but no changes were needed"
"truvolv/rainsoft-great-lakes","no-changes","Repository processed but no changes were needed"
"truvolv/rainsoft-ne-iowa","no-changes","Repository processed but no changes were needed"
"truvolv/refloor","no-changes","Repository processed but no changes were needed"
"truvolv/hydrotek-plumbing","no-changes","Repository processed but no changes were needed"
"truvolv/bath-fitter-inland-nw","no-changes","Repository processed but no changes were needed"
"truvolv/kris-konstruction-","no-changes","Repository processed but no changes were needed"
"truvolv/bath-fitter-tucson","no-changes","Repository processed but no changes were needed"
"truvolv/aspen-glass","no-changes","Repository processed but no changes were needed"
"truvolv/jim-woods-roofing","no-changes","Repository processed but no changes were needed"
"truvolv/truvolv-corporate","no-changes","Repository processed but no changes were needed"
"truvolv/uat","no-changes","Repository processed but no changes were needed"
"truvolv/jacuzzibathremodel-cf-workers","skipped","Not a turbo repository (no turbo.json found)"
"truvolv/truvolv-marketing-cf-workers","skipped","Not a turbo repository (no turbo.json found)"
"truvolv/truvolv-embeds","skipped","Not a turbo repository (no turbo.json found)"
"truvolv/k-h-paining-pros","skipped","No apps/ directory found"
"truvolv/carrie-test","skipped","Not a turbo repository (no turbo.json found)"
"truvolv/proway-garage-doors","skipped","No apps/ directory found"
"truvolv/site-scraper","skipped","Not a turbo repository (no turbo.json found)"
"truvolv/payload-tenancy","skipped","Not a turbo repository (no turbo.json found)"
"truvolv/turbo-template","skipped","No apps/ directory found"
"truvolv/global","skipped","No apps/ directory found"
